﻿{"cameraMode":{"drawMode":0,"name":"Shaded","section":"Shading Mode"},"sceneLighting":true,"audioPlay":false,"sceneViewState":{"showFog":true,"showMaterialUpdate":false,"showSkybox":true,"showFlares":true,"showImageEffects":true,"showParticleSystems":true},"in2DMode":false,"pivot":{"x":123.92145538330078,"y":-312.7501525878906,"z":-142.91510009765626},"rotation":{"x":0.15947307646274568,"y":-0.020140323787927629,"z":-0.0032541840337216856,"w":-0.9869920611381531},"size":87.31900787353516,"orthographic":false}